{"spot_diameter_fullres": 180.27785999999995, "tissue_hires_scalef": 0.090057634, "fiducial_diameter_fullres": 291.21808, "tissue_lowres_scalef": 0.027017292}