{"spot_diameter_fullres": 180.50305, "tissue_hires_scalef": 0.090057634, "fiducial_diameter_fullres": 291.58185, "tissue_lowres_scalef": 0.027017292}