{"spot_diameter_fullres": 180.67729000000006, "tissue_hires_scalef": 0.090057634, "fiducial_diameter_fullres": 291.86330000000004, "tissue_lowres_scalef": 0.027017292}